potential,count,fraction,example_permutation
0,1,0.00000276,15 21 29 37 40 45 47 49 66
1,8,0.00002205,15 29 21 37 40 45 47 49 66
2,21,0.00005787,15 29 21 40 37 45 47 49 66
3,34,0.00009369,15 29 21 40 37 47 45 49 66
4,72,0.00019841,15 29 21 40 45 37 47 49 66
5,102,0.00028108,15 29 40 21 37 45 47 49 66
6,130,0.00035825,15 40 21 29 37 45 47 49 66
7,190,0.00052359,15 40 29 21 37 45 47 49 66
8,260,0.00071649,15 40 29 21 37 47 45 49 66
9,284,0.00078263,15 40 29 21 45 37 47 49 66
10,398,0.00109678,15 40 29 21 45 37 47 66 49
11,454,0.00125110,15 40 29 21 47 37 45 49 66
12,555,0.00152943,15 40 29 21 47 37 45 66 49
13,616,0.00169753,15 40 29 45 21 37 47 49 66
14,756,0.00208333,15 40 29 45 21 37 47 66 49
15,744,0.00205026,15 47 21 29 37 40 45 49 66
16,1022,0.00281636,15 47 29 21 37 40 45 49 66
17,1042,0.00287147,15 47 29 21 40 37 45 49 66
18,1159,0.00319389,15 47 29 21 40 37 45 66 49
19,1282,0.00353285,15 47 29 21 40 45 37 49 66
20,1555,0.00428516,15 47 29 40 21 37 45 49 66
21,1392,0.00383598,47 15 21 29 37 40 45 49 66
22,1719,0.00473710,47 15 29 21 37 40 45 49 66
23,1758,0.00484458,47 15 29 21 40 37 45 49 66
24,2009,0.00553627,47 15 29 21 40 37 45 66 49
25,2032,0.00559965,47 15 29 21 40 45 37 49 66
26,2282,0.00628858,47 15 29 40 21 37 45 49 66
27,2214,0.00610119,47 15 40 21 29 37 45 49 66
28,2676,0.00737434,47 15 40 29 21 37 45 49 66
29,2590,0.00713735,47 15 40 29 21 37 45 66 49
30,2878,0.00793100,47 15 40 29 21 45 37 49 66
31,2928,0.00806878,47 15 40 29 21 45 37 66 49
32,3397,0.00936122,47 15 40 29 21 37 66 45 49
33,3138,0.00864749,47 15 40 29 21 37 49 66 45
34,3647,0.01005015,47 15 40 29 45 21 37 49 66
35,3568,0.00983245,47 15 40 29 45 21 37 66 49
36,3921,0.01080522,47 15 40 29 45 37 21 49 66
37,3866,0.01065366,47 15 40 29 45 37 21 66 49
38,4311,0.01187996,47 15 40 29 45 21 49 37 66
39,4050,0.01116071,47 15 40 29 21 66 45 37 49
40,4852,0.01337081,47 15 40 29 45 21 66 37 49
41,4492,0.01237875,47 15 40 29 21 49 45 66 37
42,4816,0.01327160,47 15 40 29 45 37 49 21 66
43,4784,0.01318342,47 15 40 29 45 21 49 66 37
44,5505,0.01517030,47 15 40 29 66 21 37 45 49
45,4954,0.01365190,47 15 40 29 21 66 49 45 37
46,5638,0.01553682,47 15 40 29 66 21 45 37 49
47,5304,0.01461640,47 15 66 21 29 37 40 45 49
48,5890,0.01623126,47 15 66 29 21 37 40 45 49
49,5486,0.01511795,47 15 66 29 21 40 37 45 49
50,6188,0.01705247,47 15 66 29 21 37 40 49 45
51,5502,0.01516204,47 15 66 29 21 40 45 37 49
52,6436,0.01773589,47 15 66 29 40 21 37 45 49
53,5822,0.01604387,47 15 66 40 21 29 37 45 49
54,6233,0.01717648,47 15 66 40 29 21 37 45 49
55,6024,0.01660053,47 15 66 40 21 29 45 37 49
56,6697,0.01845514,47 15 66 40 29 21 45 37 49
57,5720,0.01576279,47 15 66 40 21 37 45 29 49
58,6672,0.01838624,47 15 66 40 29 37 21 49 45
59,6020,0.01658951,47 15 66 40 21 29 45 49 37
60,6688,0.01843034,47 15 66 40 29 45 21 37 49
61,6020,0.01658951,47 15 66 40 21 29 49 45 37
62,6672,0.01838624,47 15 66 40 29 45 37 21 49
63,5720,0.01576279,47 15 66 40 45 29 21 37 49
64,6697,0.01845514,47 15 66 40 29 45 21 49 37
65,6024,0.01660053,47 15 66 40 45 29 37 21 49
66,6233,0.01717648,47 15 66 40 29 37 45 49 21
67,5822,0.01604387,47 15 66 40 45 29 21 49 37
68,6436,0.01773589,47 15 66 40 29 45 37 49 21
69,5502,0.01516204,47 15 66 40 21 49 45 29 37
70,6188,0.01705247,47 15 66 40 29 45 49 21 37
71,5486,0.01511795,47 15 66 40 45 29 37 49 21
72,5890,0.01623126,47 15 66 40 29 45 49 37 21
73,5304,0.01461640,47 15 66 40 45 29 49 21 37
74,5638,0.01553682,47 15 66 40 29 49 45 37 21
75,4954,0.01365190,47 15 66 40 45 29 49 37 21
76,5505,0.01517030,47 15 66 40 45 37 49 21 29
77,4784,0.01318342,47 15 66 40 45 37 49 29 21
78,4816,0.01327160,47 15 66 40 45 49 29 21 37
79,4492,0.01237875,47 15 66 40 49 29 45 37 21
80,4852,0.01337081,47 15 66 40 45 49 29 37 21
81,4050,0.01116071,47 15 66 40 45 49 37 29 21
82,4311,0.01187996,47 15 66 40 49 45 29 37 21
83,3866,0.01065366,47 15 66 40 49 45 37 29 21
84,3921,0.01080522,47 15 66 45 49 40 29 37 21
85,3568,0.00983245,47 15 66 45 49 40 37 29 21
86,3647,0.01005015,47 15 66 49 40 45 37 29 21
87,3138,0.00864749,47 15 66 49 45 40 37 29 21
88,3397,0.00936122,47 66 15 40 45 49 29 37 21
89,2928,0.00806878,47 66 15 40 45 49 37 29 21
90,2878,0.00793100,47 66 15 40 49 45 29 37 21
91,2590,0.00713735,47 66 15 40 49 45 37 29 21
92,2676,0.00737434,47 66 15 45 49 40 29 37 21
93,2214,0.00610119,47 66 15 45 49 40 37 29 21
94,2282,0.00628858,47 66 15 49 40 45 37 29 21
95,2032,0.00559965,47 66 15 49 45 40 37 29 21
96,2009,0.00553627,47 66 40 29 45 49 15 21 37
97,1758,0.00484458,47 66 40 29 45 37 49 15 21
98,1719,0.00473710,47 66 40 29 45 37 49 21 15
99,1392,0.00383598,47 66 40 29 49 45 21 15 37
100,1555,0.00428516,47 66 40 29 45 49 21 37 15
101,1282,0.00353285,47 66 40 29 45 49 37 15 21
102,1159,0.00319389,47 66 40 29 45 49 37 21 15
103,1042,0.00287147,47 66 40 29 49 45 37 15 21
104,1022,0.00281636,47 66 40 29 49 45 37 21 15
105,744,0.00205026,47 66 40 45 29 49 37 21 15
106,756,0.00208333,47 66 40 45 37 49 29 15 21
107,616,0.00169753,47 66 40 45 37 49 29 21 15
108,555,0.00152943,47 66 40 45 49 29 21 37 15
109,454,0.00125110,47 66 40 45 49 29 37 15 21
110,398,0.00109678,47 66 40 45 49 29 37 21 15
111,284,0.00078263,47 66 40 45 49 37 29 21 15
112,260,0.00071649,47 66 40 49 45 29 37 21 15
113,190,0.00052359,47 66 40 49 45 37 29 21 15
114,130,0.00035825,47 66 45 49 40 29 37 21 15
115,102,0.00028108,47 66 45 49 40 37 29 21 15
116,72,0.00019841,47 66 49 40 45 37 29 21 15
117,34,0.00009369,47 66 49 45 40 37 29 21 15
118,21,0.00005787,66 47 49 40 45 37 29 21 15
119,8,0.00002205,66 47 49 45 40 37 29 21 15
120,1,0.00000276,66 49 47 45 40 37 29 21 15
